{
  "schema_version": 1,
  "k": 6,
  "feature_names": [
    "sp__danceability",
    "sp__energy",
    "sp__has_danceability",
    "sp__has_energy",
    "sp__has_popularity",
    "sp__has_tempo",
    "sp__has_valence",
    "sp__has_year",
    "sp__popularity",
    "sp__tempo",
    "sp__valence",
    "sp__year"
  ],
  "scale": [
    1.0,
    1.0,
    1.0,
    1.0,
    1.0,
    1.0,
    1.0,
    1.0,
    30.266117010027795,
    1.0,
    1.0,
    10.819655634083782
  ],
  "centroids": [
    [
      0.0,
      0.0,
      0.0,
      0.0,
      0.9999999999999998,
      0.0,
      0.0,
      0.9999999999999998,
      2.419951069604919,
      0.0,
      0.0,
      186.20756203265447
    ],
    [
      0.0,
      0.0,
      0.0,
      0.0,
      0.9999999999999998,
      0.0,
      0.0,
      0.9999999999999998,
      0.10594009623946354,
      0.0,
      0.0,
      186.49812101042104
    ],
    [
      0.0,
      0.0,
      0.0,
      0.0,
      0.9999999999999999,
      0.0,
      0.0,
      0.9999999999999999,
      1.7069570166093648,
      0.0,
      0.0,
      186.60466773335122
    ],
    [
      0.0,
      0.0,
      0.0,
      0.0,
      1.0,
      0.0,
      0.0,
      1.0,
      2.408031289002468,
      0.0,
      0.0,
      182.39327564324546
    ],
    [
      0.0,
      0.0,
      0.0,
      0.0,
      1.0,
      0.0,
      0.0,
      1.0,
      2.481068439252651,
      0.0,
      0.0,
      184.82980784482444
    ],
    [
      0.0,
      0.0,
      0.0,
      0.0,
      0.9999999999999998,
      0.0,
      0.0,
      0.9999999999999998,
      2.385939485409579,
      0.0,
      0.0,
      186.92976884678717
    ]
  ],
  "silhouette_sample": 0.47672618978309
}